{
    "三井花園飯店": {
        "coord": [
            35.711851,
            139.778160
        ],
        "popularity": 20000,
        "priceLevel": 3,
        "synonym": [],
        "topic": [
            [
                "8",
                10000,
                1.0
            ]
        ]
    },
    "百夫長酒店": {
        "coord": [
            35.731956,
            139.714520
        ],
        "popularity": 20000,
        "priceLevel": 3,
        "synonym": [],
        "topic": [
            [
                "8",
                10000,
                1.0
            ]
        ]
    },
    "京王飯店": {
        "coord": [
            35.689868,
            139.694632
        ],
        "popularity": 20000,
        "priceLevel": 3,
        "synonym": [],
        "topic": [
            [
                "8",
                10000,
                1.0
            ]
        ]
    },
    "華盛頓酒店": {
        "coord": [
            35.686975,
            139.693205
        ],
        "popularity": 20000,
        "priceLevel": 3,
        "synonym": [],
        "topic": [
            [
                "8",
                10000,
                1.0
            ]
        ]
    },
    "新宿格拉斯麗飯店": {
        "coord": [
            35.695352,
            139.702023
        ],
        "popularity": 20000,
        "priceLevel": 3,
        "synonym": [],
        "topic": [
            [
                "8",
                10000,
                1.0
            ]
        ]
    }
}
