{
    "一蘭拉麵": {
        "coord": [
            32.1123123123,
            34.12321334
        ],
        "popularity": 50,
        "synonym": [],
        "topic": [
            "美食"
        ]
    },
    "淺草寺": {
        "coord": [
            32.1123123123,
            34.12321334
        ],
        "popularity": 200,
        "synonym": [],
        "topic": [
            "景點",
            "攝影",
            "古蹟"
        ]
    }
}