{
    "一蘭拉麵": {
        "coord": [
            32.1123123123,
            34.12321334
        ],
        "popularity": 50,
        "synonym": [],
        "topic": [
            "0"
        ]
    },
    "淺草寺": {
        "coord": [
            32.1123123123,
            34.12321334
        ],
        "popularity": 200,
        "synonym": [],
        "topic": [
            "1",
            "3",
            "4"
        ]
    }
}
