{
    "一蘭拉麵": {
        "coord": [
            35.724734,
            139.773407
        ],
        "popularity": 50,
        "synonym": [],
        "topic": [
            "0"
        ]
    },
    "淺草寺": {
        "coord": [
            35.715741,
            139.796655
        ],
        "popularity": 200,
        "synonym": [],
        "topic": [
            "1",
            "3",
            "4"
        ]
    },
    "台場海濱公園": {
        "coord": [
            35.6277,
            139.771487
        ],
        "popularity": 20,
        "synonym": [],
        "topic": [
            "1",
            "3"
        ]
    },
    "成田機場": {
        "coord": [
            35.7723,
            140.392775
        ],
        "popularity": 20000,
        "synonym": [],
        "topic": [
            "7"
        ]
    },
    "成田免稅商店": {
        "coord": [
            35.763351,
            140.386799
        ],
        "popularity": 10000,
        "synonym": [],
        "topic": [
            "6"
        ]
    },
    "維納斯城堡": {
        "coord": [
            32.1123123123,
            34.12321334
        ],
        "popularity": 1000,
        "synonym": [],
        "topic": [
            "0",
            "1",
            "2",
            "3"
        ]
    },
    "清月堂本店": {
        "coord": [
            32.1123123123,
            34.12321334
        ],
        "popularity": 2000,
        "synonym": [],
        "topic": [
            "0",
            "3"
        ]
    },
    "台場旅店": {
        "coord": [
            32.1123123123,
            34.12321334
        ],
        "popularity": 200,
        "synonym": [],
        "topic": [
            "8"
        ]
    },
    "東京旅店": {
        "coord": [
            32.1123123123,
            34.12321334
        ],
        "popularity": 200,
        "synonym": [],
        "topic": [
            "8"
        ]
    },
    "花蝶": {
        "coord": [
            32.1123123123,
            34.12321334
        ],
        "popularity": 5000,
        "synonym": [],
        "topic": [
            "0"
        ]
    },
    "銀座壽司幸本店": {
        "coord": [
            32.1123123123,
            34.12321334
        ],
        "popularity": 6000,
        "synonym": [],
        "topic": [
            "0"
        ]
    },
    "東京晴空塔": {
        "coord": [
            32.1123123123,
            34.12321334
        ],
        "popularity": 200000,
        "synonym": [],
        "topic": [
            "1",
            "3"
        ]
    },
    "丸之內車站": {
        "coord": [
            32.1123123123,
            34.12321334
        ],
        "popularity": 20000,
        "synonym": [],
        "topic": [
            "1",
            "3"
        ]
    },
    "丸大樓": {
        "coord": [
            32.1123123123,
            34.12321334
        ],
        "popularity": 200,
        "synonym": [],
        "topic": [
            "1",
            "3"
        ]
    },
    "日本科學未來館": {
        "coord": [
            32.1123123123,
            34.12321334
        ],
        "popularity": 5000,
        "synonym": [],
        "topic": [
            "1",
            "3"
        ]
    },
    "香妃園": {
        "coord": [
            32.1123123123,
            34.12321334
        ],
        "popularity": 2000,
        "synonym": [],
        "topic": [
            "1",
            "3"
        ]
    },
    "涉谷Mark City": {
        "coord": [
            32.1123123123,
            34.12321334
        ],
        "popularity": 20000,
        "synonym": [],
        "topic": [
            "1",
            "2",
            "3"
        ]
    },
    "表參道之丘": {
        "coord": [
            32.1123123123,
            34.12321334
        ],
        "popularity": 12000,
        "synonym": [],
        "topic": [
            "1",
            "3",
            "4"
        ]
    },
    "竹下通": {
        "coord": [
            35.671630,
            139.703867
        ],
        "popularity": 20000,
        "synonym": [],
        "topic": [
            "1",
            "3"
        ]
    }
}
