{
    "1": {
        "台場海濱公園": {
            "coord": [
                35.629884,
                139.77885
            ],
            "order": 5,
            "popularity": 54,
            "priceLevel": 0,
            "topic": [
                [
                    "1",
                    43,
                    0.3525
                ],
                [
                    "2",
                    28,
                    0.2295
                ],
                [
                    "0",
                    20,
                    0.1639
                ],
                [
                    "8",
                    15,
                    0.123
                ],
                [
                    "3",
                    14,
                    0.1148
                ],
                [
                    "4",
                    2,
                    0.0164
                ]
            ]
        },
        "成田機場": {
            "coord": [
                35.7723,
                140.392775
            ],
            "order": 3,
            "popularity": 20000,
            "priceLevel": 0,
            "topic": [
                [
                    "7",
                    10000,
                    1.0
                ]
            ]
        },
        "日本科學未來館": {
            "coord": [
                36.204824,
                138.252924
            ],
            "order": 2,
            "popularity": 2,
            "priceLevel": 0,
            "topic": [
                [
                    "7",
                    1,
                    0.3333
                ],
                [
                    "1",
                    1,
                    0.3333
                ],
                [
                    "0",
                    1,
                    0.3333
                ]
            ]
        },
        "東京晴空塔": {
            "coord": [
                35.710432,
                139.809372
            ],
            "order": 4,
            "popularity": 76,
            "priceLevel": 0,
            "topic": [
                [
                    "1",
                    55,
                    0.3548
                ],
                [
                    "2",
                    41,
                    0.2645
                ],
                [
                    "0",
                    26,
                    0.1677
                ],
                [
                    "3",
                    21,
                    0.1355
                ],
                [
                    "5",
                    6,
                    0.0387
                ],
                [
                    "8",
                    5,
                    0.0323
                ],
                [
                    "7",
                    1,
                    0.0065
                ]
            ]
        },
        "竹下通": {
            "coord": [
                33.578394,
                130.4253968
            ],
            "order": 6,
            "popularity": 251,
            "priceLevel": 0,
            "topic": [
                [
                    "1",
                    200,
                    0.3472
                ],
                [
                    "2",
                    170,
                    0.2951
                ],
                [
                    "0",
                    108,
                    0.1875
                ],
                [
                    "3",
                    74,
                    0.1285
                ],
                [
                    "8",
                    17,
                    0.0295
                ],
                [
                    "5",
                    3,
                    0.0052
                ],
                [
                    "4",
                    3,
                    0.0052
                ],
                [
                    "7",
                    1,
                    0.0017
                ]
            ]
        }
    },
    "2": {
        "一蘭拉麵": {
            "coord": [
                23.1316894,
                113.3350471
            ],
            "order": 2,
            "popularity": 402,
            "priceLevel": 0,
            "topic": [
                [
                    "1",
                    250,
                    0.3477
                ],
                [
                    "2",
                    206,
                    0.2865
                ],
                [
                    "0",
                    132,
                    0.1836
                ],
                [
                    "3",
                    93,
                    0.1293
                ],
                [
                    "8",
                    32,
                    0.0445
                ],
                [
                    "7",
                    2,
                    0.0028
                ],
                [
                    "5",
                    2,
                    0.0028
                ],
                [
                    "4",
                    2,
                    0.0028
                ]
            ]
        },
        "成田機場": {
            "coord": [
                35.7723,
                140.392775
            ],
            "order": 3,
            "popularity": 20000,
            "priceLevel": 0,
            "topic": [
                [
                    "7",
                    10000,
                    1.0
                ]
            ]
        },
        "表參道之丘": {
            "coord": [
                25.0784788,
                121.3756365
            ],
            "order": 1,
            "popularity": 24,
            "priceLevel": 0,
            "topic": [
                [
                    "1",
                    20,
                    0.3448
                ],
                [
                    "2",
                    15,
                    0.2586
                ],
                [
                    "0",
                    11,
                    0.1897
                ],
                [
                    "3",
                    8,
                    0.1379
                ],
                [
                    "8",
                    3,
                    0.0517
                ],
                [
                    "4",
                    1,
                    0.0172
                ]
            ]
        }
    }
}