{
    "1": {
        "Æ»ÆñÆ³ÆâÇCÇmÆþ": {
            "coord": [
                35.6160559,
                139.7122596
            ],
            "order": 6,
            "popularity": 2,
            "priceLevel": 0,
            "topic": [
                [
                    "5",
                    1,
                    0.3333
                ],
                [
                    "0",
                    1,
                    0.3333
                ],
                [
                    "1",
                    1,
                    0.3333
                ]
            ]
        },
        "ÆÈÆ±Æ¼´ÓÆäÆí": {
            "coord": [
                35.6677461,
                139.7699403
            ],
            "order": 2,
            "popularity": 1,
            "priceLevel": 0,
            "topic": [
                [
                    "0",
                    1,
                    1.0
                ]
            ]
        },
        "¤Y©¾Classico": {
            "coord": [
                35.7289174,
                139.8012191
            ],
            "order": 1,
            "popularity": 2,
            "priceLevel": 0,
            "topic": [
                [
                    "8",
                    1,
                    0.5
                ],
                [
                    "1",
                    1,
                    0.5
                ]
            ]
        },
        "¥N¥N¤ì¤K¼n®c": {
            "coord": [
                35.6721081,
                139.688545
            ],
            "order": 3,
            "popularity": 1,
            "priceLevel": 0,
            "topic": [
                [
                    "5",
                    1,
                    0.5
                ],
                [
                    "1",
                    1,
                    0.5
                ]
            ]
        },
        